City_ID,City,Lat,Lng,Max Temp,Humidity,Cloudiness,Wind Speed,Country,Date
0,olonkinbyen,70.9221,-8.7187,2.8,91,95,2.57,SJ,1721237499
1,ilulissat,69.2167,-51.1,13.01,47,0,1.54,GL,1721237501
2,vorgashor,67.5833,63.95,15.66,77,87,0.19,RU,1721237502
3,waitangi,-43.9535,-176.5597,9.34,91,99,1.34,NZ,1721237503
4,tobelo,1.7284,128.0095,25.83,85,98,3.79,ID,1721237504
5,alice springs,-23.7,133.8833,1.75,87,0,2.06,AU,1721237505
6,georgetown,5.4112,100.3354,29.97,77,20,1.54,MY,1721237507
7,pitimbu,-7.4706,-34.8086,27.33,70,19,6.46,BR,1721237508
8,atafu village,-8.5421,-172.5159,28.9,73,94,10.09,TK,1721237509
9,port-aux-francais,-49.35,70.2167,5.18,97,100,10.58,TF,1721237510
10,corinto,37.9407,22.9573,34.94,36,0,2.0,GR,1721237512
11,dolni dabnik,43.4,24.4333,36.9,34,40,5.14,BG,1721237513
12,quatre cocos,-20.2078,57.7625,22.27,66,12,6.17,MU,1721237514
13,edinburgh of the seven seas,-37.0676,-12.3116,11.05,64,90,8.43,SH,1721237515
14,avarua,-21.2078,-159.775,19.03,88,20,1.54,CK,1721237517
15,mount pearl,47.5166,-52.7813,23.58,84,75,10.29,CA,1721237518
16,joshimath,30.5667,79.5667,19.19,99,100,1.3,IN,1721237519
17,aasiaat,68.7098,-52.8699,5.38,69,37,1.98,GL,1721237520
18,gadzhiyevo,69.2551,33.3362,11.89,90,68,3.55,RU,1721237521
19,blackmans bay,-43.0167,147.3167,7.07,81,95,0.89,AU,1721237523
20,banda aceh,5.5577,95.3222,27.49,78,100,6.11,ID,1721237524
21,hawaiian paradise park,19.5933,-154.9731,23.18,85,100,3.09,US,1721237525
22,grytviken,-54.2811,-36.5092,0.66,98,100,0.93,GS,1721237526
23,margate,51.3813,1.3862,21.6,69,90,3.84,GB,1721237528
24,east london,-33.0153,27.9116,14.52,94,20,1.54,ZA,1721237329
25,ushuaia,-54.8,-68.3,7.81,71,0,2.57,AR,1721237530
26,pisco,-13.7,-76.2167,16.68,82,100,2.57,PE,1721237531
27,lata,40.1629,-8.3327,26.07,47,1,3.0,PT,1721237532
28,vilyuysk,63.7553,121.6247,15.33,97,57,1.87,RU,1721237534
29,bilibino,68.0546,166.4372,15.05,62,100,2.58,RU,1721237535
30,st. john's,47.5649,-52.7093,24.04,85,75,10.29,CA,1721237573
31,cadale,2.7603,46.3222,25.25,83,76,7.84,SO,1721237584
32,higuera de zaragoza,25.95,-109.2833,32.96,39,30,4.4,MX,1721237585
33,albany,42.6001,-73.9662,32.67,55,48,1.34,US,1721237586
34,unai,-16.3575,-46.9061,29.03,28,0,1.79,BR,1721237587
35,taoudenni,22.6783,-3.9836,43.81,13,20,2.69,ML,1721237588
36,raja,8.4596,25.678,23.64,80,87,2.08,SS,1721237590
37,kurmuk,10.55,34.2833,21.49,95,74,0.63,SD,1721237591
38,haiku-pauwela,20.9219,-156.3051,24.59,67,0,6.17,US,1721237592
39,bethel,41.3712,-73.414,32.33,70,0,4.12,US,1721237593
40,sheridan,44.8333,-106.9173,29.62,38,0,2.24,US,1721237594
41,remire-montjoly,4.9167,-52.2667,27.02,89,75,4.63,GF,1721237597
42,calp,38.6447,0.0445,29.2,61,2,4.26,ES,1721237598
43,adamstown,-25.066,-130.1015,22.54,84,100,10.22,PN,1721237599
44,svirsk,53.0858,103.3325,17.29,70,15,0.55,RU,1721237600
45,iqaluit,63.7506,-68.5145,3.85,93,100,7.2,CA,1721237601
46,klyuchi,52.2667,79.1667,20.01,81,38,2.23,RU,1721237602
47,papatowai,-46.5619,169.4708,8.71,89,100,3.42,NZ,1721237603
48,wau,7.7029,27.9953,26.05,65,96,2.15,SS,1721237605
49,puerto natales,-51.7236,-72.4875,7.25,81,100,2.57,CL,1721237606
50,vilyuchinsk,52.9306,158.4028,13.15,93,100,0.81,RU,1721237607
51,celestun,20.8667,-90.4,31.52,61,100,4.08,MX,1721237608
52,basavana bagevadi,16.5833,75.9667,23.12,88,100,8.81,IN,1721237609
53,cutral-co,-38.9469,-69.2089,17.17,10,100,2.24,AR,1721237610
54,wailua homesteads,22.0669,-159.378,23.44,83,20,3.6,US,1721237613
55,malvan,16.0667,73.4667,27.08,87,100,9.6,IN,1721237614
56,muynoq,43.7683,59.0214,25.21,51,2,2.46,UZ,1721237615
57,anqiu,36.4342,119.1925,23.62,95,96,2.44,CN,1721237616
58,codrington,-38.2667,141.9667,9.24,76,100,4.67,AU,1721237618
59,vengurla,15.8667,73.6333,26.75,88,100,8.44,IN,1721237619
60,eydhafushi,5.1033,73.0708,28.74,79,98,5.05,MV,1721237620
61,pandan,14.0453,124.1694,26.31,91,100,2.41,PH,1721237621
62,port saint john's,-31.6229,29.5448,18.22,72,63,5.21,ZA,1721237622
63,hithadhoo,-0.6,73.0833,28.51,75,68,2.84,MV,1721237623
64,coyhaique,-45.5752,-72.0662,1.34,99,100,0.78,CL,1721237624
65,yellowknife,62.456,-114.3525,28.29,56,75,2.06,CA,1721237626
66,longyearbyen,78.2186,15.6401,8.91,71,0,9.26,SJ,1721237627
67,hadibu,12.65,54.0333,26.25,80,100,6.23,YE,1721237628
68,tangalle,6.024,80.7911,26.75,83,100,4.68,LK,1721237629
69,sept-iles,50.2001,-66.3821,20.03,91,75,4.63,CA,1721237630
70,san martin de las piramides,19.7,-98.8333,20.55,51,72,0.52,MX,1721237631
71,tamandare,-8.7597,-35.1047,25.53,74,24,5.18,BR,1721237633
72,kununurra,-15.7667,128.7333,13.99,54,99,2.06,AU,1721237634
73,parola,20.8833,75.1167,27.28,79,89,3.68,IN,1721237635
74,sassandra,4.95,-6.0833,24.75,80,99,4.71,CI,1721237637
75,brokopondo,4.75,-55.1667,31.77,51,53,0.92,SR,1721237638
76,port mathurin,-19.6833,63.4167,22.83,70,32,8.79,MU,1721237640
77,sinabang,2.4803,96.3801,27.09,83,83,2.36,ID,1721237641
78,el calafate,-50.3408,-72.2768,3.98,85,100,1.27,AR,1721237642
79,pacho,5.1328,-74.1598,21.76,57,94,0.49,CO,1721237643
80,hamilton,39.1834,-84.5333,30.42,69,100,4.63,US,1721237644
81,kavaratti,10.5669,72.642,27.1,83,100,9.96,IN,1721237647
82,san pedro pochutla,15.7333,-96.4667,34.84,51,89,2.84,MX,1721237648
83,tazovsky,67.4667,78.7,13.03,58,4,1.57,RU,1721237649
84,saint-louis du nord,19.9333,-72.7167,28.98,72,98,6.06,HT,1721237650
85,shanhecun,44.7,127.2,19.69,95,0,4.35,CN,1721237651
86,nova vicosa,-17.8919,-39.3719,25.88,58,46,3.31,BR,1721237652
87,sur,22.5667,59.5289,31.33,64,100,6.64,OM,1721237654
88,muhos,64.808,25.9931,22.88,68,100,2.18,FI,1721237655
89,aripuana,-9.1667,-60.6333,35.15,21,0,2.13,BR,1721237656
90,sinop,41.7711,34.8709,21.18,69,69,2.5,TR,1721237657
91,invercargill,-46.4,168.35,5.57,100,86,1.53,NZ,1721237437
92,camiri,-20.05,-63.5167,20.88,35,40,1.54,BO,1721237659
93,salinopolis,-0.6136,-47.3561,29.47,63,1,5.26,BR,1721237660
94,thompson,55.7435,-97.8558,23.09,43,40,4.63,CA,1721237662
95,bubaque,11.2833,-15.8333,25.93,87,100,7.34,GW,1721237663
96,geraldton,-28.7667,114.6,19.23,82,75,10.8,AU,1721237664
97,magadan,59.5667,150.8,10.97,84,93,1.25,RU,1721237665
98,jamaame,0.0697,42.745,24.42,84,68,5.4,SO,1721237666
99,kota kinabalu,5.9749,116.0724,26.6,83,20,2.57,MY,1721237667
100,kittila,67.6647,24.8936,21.08,68,12,1.03,FI,1721237668
101,punta arenas,-53.15,-70.9167,6.01,87,0,2.57,CL,1721237670
102,lebu,-37.6167,-73.65,10.2,86,100,4.39,CL,1721237671
103,pohang,36.0322,129.365,23.6,93,100,2.02,KR,1721237672
104,west island,-12.1568,96.8225,26.99,78,50,5.14,CC,1721237673
105,jinghong,21.991,100.7341,23.92,78,100,1.04,CN,1721237674
106,cabo san lucas,22.8909,-109.9124,35.17,38,0,6.69,MX,1721237080
107,al jawf,29.5,38.75,35.25,15,2,4.56,SA,1721237677
108,tura,25.5198,90.2201,25.55,93,93,1.15,IN,1721237678
109,bredasdorp,-34.5322,20.0403,11.46,78,98,0.9,ZA,1721237680
110,port moresby,-9.4431,147.1797,22.68,88,40,2.57,PG,1721237403
111,berdigestyakh,62.0989,126.6992,14.68,97,2,1.46,RU,1721237682
112,rodolfo sanchez taboada,31.7167,-116.5667,20.61,76,56,1.34,MX,1721237683
113,saint-pierre,-21.3393,55.4781,20.82,64,0,3.09,RE,1721237684
114,kalmunai,7.4167,81.8167,29.35,63,100,5.45,LK,1721237686
115,ostersund,63.1792,14.6357,15.34,100,75,2.24,SE,1721237687
116,port lincoln,-34.7333,135.8667,9.92,78,26,2.82,AU,1721237688
117,bandon,51.7469,-8.7425,15.77,80,100,6.02,IE,1721237689
118,tiksi,71.6872,128.8694,5.12,73,98,3.89,RU,1721237690
119,valparaiso,-33.0393,-71.6273,22.13,37,0,5.14,CL,1721237691
120,bamboo flat,11.7,92.7167,29.05,84,75,6.17,IN,1721237693
121,bani suwayf,29.0744,31.0979,35.09,16,54,3.42,EG,1721237694
122,ribeira grande,38.5167,-28.7,24.22,73,40,5.66,PT,1721237695
123,jamestown,42.097,-79.2353,25.01,76,20,2.57,US,1721237696
124,dire,12.2833,-10.9667,25.41,90,100,0.73,ML,1721237697
125,margaret river,-33.95,115.0667,12.52,81,100,6.67,AU,1721237698
126,klaksvik,62.2266,-6.589,12.51,95,72,7.27,FO,1721237699
127,kourou,5.1552,-52.6478,27.03,56,54,2.76,GF,1721237701
128,an nuhud,12.7,28.4333,33.86,35,51,2.97,SD,1721237702
129,mariental,-24.6333,17.9667,18.2,9,0,5.4,NA,1721237703
130,armacao de buzios,-22.7469,-41.8817,23.09,81,8,5.77,BR,1721237704
131,broken hill,-31.95,141.4333,7.07,99,55,5.3,AU,1721237435
132,harper,4.375,-7.7169,25.0,76,94,4.16,LR,1721237706
133,nchelenge,-9.3451,28.734,21.34,45,60,1.66,ZM,1721237707
134,isafjordur,66.0755,-23.124,15.02,63,20,6.17,IS,1721237709
135,nadym,65.5333,72.5167,18.21,68,9,2.26,RU,1721237710
136,hermanus,-34.4187,19.2345,13.22,77,100,3.04,ZA,1721237711
137,kembe,4.6228,21.8865,23.84,86,100,0.52,CF,1721237712
138,santo antonio do ica,-3.1022,-67.9397,31.36,44,80,2.17,BR,1721237713
139,pacific grove,36.6177,-121.9166,20.23,77,0,4.47,US,1721237449
140,san rafael,-34.6177,-68.3301,17.99,16,65,9.24,AR,1721237715
141,tynda,55.1667,124.7167,16.08,99,100,2.6,RU,1721237717
142,kingston,17.997,-76.7936,32.53,66,20,9.77,JM,1721237718
143,qaqortoq,60.7167,-46.0333,6.34,79,28,2.41,GL,1721237719
144,ust-nera,64.5667,143.2,16.7,71,100,3.3,RU,1721237720
145,badger,64.8,-147.5333,12.3,83,75,2.06,US,1721237721
146,sao jose do campestre,-6.3156,-35.7139,26.66,64,60,5.4,BR,1721237722
147,enewetak,11.3474,162.3373,28.52,76,37,7.6,MH,1721237724
148,puerto ayora,-0.7393,-90.3518,25.98,91,72,2.68,EC,1721237725
149,hailey,43.5196,-114.3153,29.89,26,15,1.79,US,1721237726
150,yuzhno-kurilsk,44.0306,145.8556,16.64,96,54,0.93,RU,1721237727
151,port alfred,-33.5906,26.891,14.54,82,65,5.37,ZA,1721237728
152,rondonopolis,-16.4708,-54.6356,33.74,19,79,1.4,BR,1721237729
153,souillac,-20.5167,57.5167,22.21,73,40,4.63,MU,1721237731
154,dongola,19.1667,30.4833,38.59,10,25,3.48,SD,1721237732
155,udachny,66.4167,112.4,11.57,74,94,3.94,RU,1721237733
156,senekal,-28.3197,27.6208,11.41,29,8,1.93,ZA,1721237734
157,al bawiti,28.3492,28.8659,33.48,20,0,3.87,EG,1721237735
158,usinsk,65.9939,57.5281,18.9,70,77,5.05,RU,1721237736
159,aykhal,66.0,111.5,11.22,84,89,3.2,RU,1721237737
160,kimbe,-5.5502,150.1429,24.07,89,100,2.54,PG,1721237739
161,sol'tsy,58.1239,30.3238,19.86,98,88,2.66,RU,1721237741
162,kebili,33.7044,8.969,39.42,16,9,4.81,TN,1721237742
163,lubao,14.9167,120.55,28.84,90,99,1.3,PH,1721237743
164,paracale,14.2804,122.7881,25.97,92,100,2.85,PH,1721237744
165,wamba,8.9333,8.6,24.01,93,89,1.79,NG,1721237746
166,novomykolayivka,47.9781,35.9102,33.89,20,40,3.18,UA,1721237747
167,afaahiti,-17.75,-149.2833,23.93,78,43,2.72,PF,1721237748
168,horta,38.5333,-28.6333,23.8,79,40,5.66,PT,1721237749
169,la ronge,55.1001,-105.2842,26.14,53,0,3.6,CA,1721237750
170,otterndorf,53.8,8.9,18.51,78,75,6.69,DE,1721237751
171,kangding,30.0513,101.9603,17.84,96,100,0.8,CN,1721237753
172,port elizabeth,-33.918,25.5701,13.51,85,0,1.03,ZA,1721237754
173,puerto baquerizo moreno,-0.9,-89.6,24.55,69,40,6.69,EC,1721237755
174,anadyr,64.75,177.4833,11.28,93,0,4.0,RU,1721237756
175,saipan,15.1355,145.701,29.39,74,40,5.14,MP,1721237757
176,acapulco de juarez,16.8634,-99.8901,30.9,70,75,3.09,MX,1721237491
177,nar'yan-mar,67.6713,53.087,13.08,82,90,4.33,RU,1721237759
178,eravur town,7.7782,81.6038,29.76,60,100,8.41,LK,1721237761
179,maitum,6.0392,124.4986,25.27,82,90,1.36,PH,1721237762
180,banes,20.9625,-75.7186,32.52,55,25,6.92,CU,1721237763
181,novosokol'niki,56.3463,30.1578,22.26,81,34,2.96,RU,1721237764
182,kerman,30.2832,57.0788,32.92,19,0,5.14,IR,1721237765
183,ayaviri,-14.8864,-70.5889,16.41,11,0,4.42,PE,1721237766
184,soderhamn,61.3037,17.0592,17.75,95,100,1.98,SE,1721237768
185,vallo della lucania,40.2297,15.2658,25.95,79,70,0.97,IT,1721237769
186,cidreira,-30.1811,-50.2056,18.9,77,59,4.52,BR,1721237770
187,constitucion,-35.3333,-72.4167,13.73,62,100,3.73,CL,1721237771
188,yaren,-0.5472,166.916,28.01,72,84,1.62,NR,1721237772
189,paraparaumu,-40.9167,175.0167,10.7,91,100,0.76,NZ,1721237773
190,tralee,52.2704,-9.7026,17.14,77,100,4.12,IE,1721237775
191,mount gambier,-37.8333,140.7667,6.45,80,85,2.34,AU,1721237776
192,alta,69.9689,23.2717,17.59,77,0,5.14,NO,1721237777
193,young,-32.6833,-57.6333,18.04,56,18,2.42,UY,1721237778
194,nguigmi,14.2495,13.1092,33.78,42,59,2.56,NE,1721237779
195,nova sintra,14.8667,-24.7167,24.35,74,71,3.82,CV,1721237780
196,umea,63.8284,20.2597,16.96,94,75,8.23,SE,1721237782
197,kirillov,59.863,38.3813,19.85,62,56,1.63,RU,1721237783
198,strezhevoy,60.7333,77.5889,17.27,65,91,3.62,RU,1721237784
199,westport,41.1415,-73.3579,32.57,65,0,4.12,US,1721237785
200,minas de marcona,-15.2119,-75.1103,17.42,49,1,3.54,PE,1721237786
201,qorveh,35.1664,47.8045,25.09,14,0,1.74,IR,1721237787
202,funafuti,-8.5243,179.1942,29.16,76,28,9.38,TV,1721237789
203,chimoio,-19.1164,33.4833,20.92,64,0,1.53,MZ,1721237790
204,itsukaichi,35.7253,139.2178,25.16,84,75,2.03,JP,1721237791
205,ebstorf,53.0279,10.4184,19.01,83,75,3.09,DE,1721237792
206,stanley,54.868,-1.6985,20.99,68,20,2.06,GB,1721237793
207,gumrak,48.7826,44.3824,28.95,32,0,3.0,RU,1721237794
208,malabar,-33.9667,151.25,12.28,73,100,5.14,AU,1721237795
209,ambalavao,-21.8333,46.9333,12.89,89,0,1.5,MG,1721237797
210,dudinka,69.4058,86.1778,11.02,54,27,1.87,RU,1721237798
211,sherwood park,53.5168,-113.3187,29.73,48,20,1.54,CA,1721237643
212,carnarvon,-24.8667,113.6333,20.55,76,27,6.26,AU,1721237801
213,luderitz,-26.6481,15.1594,13.74,87,0,4.54,NA,1721237802
214,monte alegre de minas,-18.8706,-48.8808,29.17,22,8,1.86,BR,1721237803
215,sarandi del yi,-33.35,-55.6333,17.03,63,37,4.27,UY,1721237805
216,san andres,12.5847,-81.7006,32.01,70,20,6.17,CO,1721237792
217,waddan,29.1614,16.139,35.39,17,0,4.55,LY,1721237807
218,changping,40.2186,116.2197,24.8,45,0,2.45,CN,1721237808
219,atherton,53.5237,-2.4935,22.08,62,96,1.34,GB,1721237809
220,kutaisi,42.2496,42.6997,24.43,94,100,3.09,GE,1721237810
221,nizhneangarsk,55.7833,109.55,15.96,82,7,3.38,RU,1721237812
222,port blair,11.6667,92.75,29.02,84,75,6.17,IN,1721237813
223,kaiyuan,23.6977,103.3037,21.1,92,100,0.87,CN,1721237814
224,aksu,41.1231,80.2644,29.52,27,0,1.11,CN,1721237815
225,utrik,11.2278,169.8474,27.55,85,53,9.11,MH,1721237816
226,lerwick,60.1545,-1.1494,14.0,82,52,4.31,GB,1721237817
227,saint-francois,46.4154,3.9054,25.69,44,0,1.54,FR,1721237818
228,hilo,19.7297,-155.09,24.58,89,100,3.09,US,1721237820
229,nogliki,51.8333,143.1667,9.01,98,50,4.01,RU,1721237821
230,iskateley,67.6803,53.1512,13.04,81,83,4.33,RU,1721237822
231,tolanaro,-25.0319,46.9987,21.04,94,40,0.0,MG,1721237823
232,yeed,4.55,43.0333,29.22,43,100,7.22,SO,1721237824
233,luwuk,-0.9516,122.7875,21.14,93,50,2.67,ID,1721237825
234,puerto colombia,10.9878,-74.9547,32.05,71,99,5.16,CO,1721237827
235,tha bo,17.85,102.5814,25.55,78,100,3.09,TH,1721237828
236,bolong,7.0983,122.2392,25.12,89,100,1.35,PH,1721237829
237,tarawa,1.419,172.984,27.05,89,75,3.6,KI,1721237830
238,nikolayevsk-on-amure,53.1406,140.73,12.56,82,100,2.04,RU,1721237831
239,lihue,21.9789,-159.3672,23.77,82,20,3.6,US,1721237832
240,williams,52.1415,-122.1445,28.36,37,40,2.06,CA,1721237834
241,yermentau,51.6214,73.1069,17.18,94,100,2.81,KZ,1721237836
242,colares,38.7992,-9.4469,27.82,53,0,7.2,PT,1721237837
243,turpan,42.9333,89.1667,37.33,20,59,3.07,CN,1721237838
244,petropavlovsk-kamchatsky,53.0452,158.6483,11.33,76,75,3.0,RU,1721237839
245,kulhudhuffushi,6.6221,73.07,28.79,81,100,6.69,MV,1721237842
246,port-gentil,-0.7193,8.7815,23.98,83,75,4.12,GA,1721237843
247,sitka,57.0531,-135.33,13.94,94,100,0.0,US,1721237844
248,college,64.8569,-147.8028,12.34,80,75,2.06,US,1721237845
249,aykol,38.1751,77.2132,28.32,37,84,3.21,CN,1721237846
250,promyshlennaya,54.9159,85.6385,21.53,90,100,2.57,RU,1721237847
251,prince george,53.9166,-122.753,24.79,60,0,1.03,CA,1721237849
252,fort bragg,35.139,-79.006,34.55,62,52,5.92,US,1721237850
253,tataouine,32.9297,10.4518,33.5,22,0,7.76,TN,1721237851
254,revda,56.801,59.9303,17.88,72,96,1.24,RU,1721237852
255,vadso,70.0744,29.7487,17.49,82,20,3.6,NO,1721237853
256,morant bay,17.8815,-76.4093,32.79,70,86,5.44,JM,1721237854
257,newman,37.3138,-121.0208,23.19,21,0,3.15,US,1721237855
258,kone,-21.0595,164.8658,19.27,88,94,1.32,NC,1721237857
259,juneau,58.3019,-134.4197,13.95,100,100,0.0,US,1721237858
260,reyes,-14.3167,-67.3833,28.98,45,20,3.09,BO,1721237859
261,palmerston north,-40.35,175.6167,9.86,97,100,0.86,NZ,1721237705
262,lekki,6.3607,4.8333,24.11,91,99,2.57,NG,1721237861
263,chonchi,-42.6128,-73.8092,11.18,96,100,4.55,CL,1721237862
264,richards bay,-28.783,32.0377,17.1,97,6,1.75,ZA,1721237863
265,kodiak,57.79,-152.4072,10.73,87,0,0.0,US,1721237865
266,cotonou,6.3654,2.4183,26.99,78,40,7.2,BJ,1721237866
267,hami,42.8,93.45,31.38,28,34,8.13,CN,1721237867
268,sysert',56.4953,60.8192,16.99,69,88,2.24,RU,1721237868
269,ende,-8.8432,121.6623,20.39,86,13,2.22,ID,1721237869
270,katsuura,35.1333,140.3,24.59,93,100,1.6,JP,1721237870
271,queenstown,-31.8976,26.8753,13.09,37,79,3.86,ZA,1721237872
272,benevento,41.2179,14.7464,32.97,35,12,4.35,IT,1721237873
273,vilhena,-12.7406,-60.1458,29.12,34,0,4.63,BR,1721237874
274,forster,-32.1667,152.5167,12.38,73,72,6.0,AU,1721237875
275,juru,5.312,100.4423,29.97,78,20,1.54,MY,1721237876
276,gejiu,23.306,103.1635,15.67,93,89,1.21,CN,1721237877
277,tukrah,32.5341,20.5791,27.69,83,0,2.73,LY,1721237879
278,talnakh,69.4865,88.3972,10.55,58,12,0.95,RU,1721237880
279,mhamid,29.82,-5.72,37.77,18,84,13.66,MA,1721237881
280,valongo,41.195,-8.5103,26.46,65,37,0.45,PT,1721237882
281,changde,29.0464,111.6783,28.13,74,100,3.01,CN,1721237883
282,myitkyina,25.3833,97.4,25.04,100,95,0.7,MM,1721237884
283,burang,30.25,81.1667,12.61,68,93,2.77,CN,1721237886
284,namibe,-15.1961,12.1522,19.59,87,81,5.63,AO,1721237887
285,mao,39.8885,4.2658,27.31,50,0,5.14,ES,1721237888
286,williamson,30.6502,-97.6003,35.61,54,0,2.57,US,1721237860
287,yei,4.095,30.6779,20.63,92,100,1.9,SS,1721237890
288,ndjole,-0.1783,10.7649,26.24,75,99,1.62,GA,1721237891
289,merowe,18.4833,31.8167,37.39,11,55,1.92,SD,1721237892
290,koungou,-12.7336,45.2042,24.84,83,75,2.06,YT,1721237894
291,kloulklubed,7.0419,134.2556,26.28,81,100,6.17,PW,1721237895
292,velingara,13.15,-14.1167,25.34,91,99,3.53,SN,1721237896
293,coquimbo,-29.9533,-71.3436,11.85,87,75,2.57,CL,1721237897
294,lompoc,34.6391,-120.4579,23.1,69,9,4.05,US,1721237898
295,bouna,9.2667,-3.0,26.23,76,93,2.68,CI,1721237899
296,maloye ganyushkino,46.6,49.2667,26.46,54,33,3.69,KZ,1721237900
297,brookings,44.3114,-96.7984,21.77,63,20,4.63,US,1721237902
298,gaalkacyo,6.7697,47.4308,29.79,40,100,7.73,SO,1721237903
299,edgewater,28.9889,-80.9023,34.49,70,40,3.6,US,1721237904
300,mitu,1.1983,-70.1733,26.42,68,98,1.04,CO,1721237905
301,kolpny,52.2282,37.0368,24.63,69,39,3.18,RU,1721237906
302,caleta de carquin,-11.0925,-77.6267,16.46,77,57,4.77,PE,1721237907
303,guna,24.65,77.3167,30.93,64,98,2.26,IN,1721237909
304,kargasok,59.0556,80.8572,18.05,60,99,5.23,RU,1721237911
305,sao joao da barra,-21.6403,-41.0511,27.05,76,4,5.26,BR,1721237912
306,pamandzi,-12.7967,45.2794,24.88,83,75,2.06,YT,1721237913
307,mullovka,54.2,49.4,24.9,69,100,0.82,RU,1721237916
308,san antonio de pale,-1.4014,5.6325,22.38,82,14,5.41,GQ,1721237917
309,geyve,40.5075,30.2925,29.86,61,25,2.32,TR,1721237918
310,puerto aysen,-45.4,-72.7,5.52,99,100,2.31,CL,1721237919
311,quelimane,-17.8786,36.8883,22.97,83,0,3.09,MZ,1721237920
312,derbent,42.0678,48.2899,26.61,56,0,2.61,RU,1721237921
313,nhamunda,-2.1861,-56.7131,36.33,28,23,1.67,BR,1721237923
314,lospalos,-8.5186,127.0025,19.19,69,50,3.73,TL,1721237924
315,jiwani,25.05,61.7417,30.22,79,98,5.42,PK,1721237925
316,uturoa,-16.7333,-151.4333,25.03,74,12,2.93,PF,1721237927
317,mormugao,15.4,73.8,24.59,94,100,4.63,IN,1721237928
318,antofagasta,-23.65,-70.4,15.6,71,46,2.25,CL,1721237930
319,lorengau,-2.0226,147.2712,27.24,82,100,3.42,PG,1721237931
320,labrador city,52.9463,-66.9114,16.95,77,75,1.03,CA,1721237932
321,conceicao da barra,-18.5933,-39.7322,26.61,53,3,3.56,BR,1721237933
322,bouca,6.5105,18.2733,21.46,98,100,1.33,CF,1721237934
323,nuuk,64.1835,-51.7216,10.34,71,20,3.6,GL,1721237937
324,buckeye,33.3703,-112.5838,39.1,29,0,2.06,US,1721237921
325,bende,5.5572,7.6368,23.34,95,100,3.1,NG,1721237940
326,fougamou,-1.2154,10.5838,26.14,68,99,1.2,GA,1721237943
327,odiongan,12.4017,121.9919,26.1,87,99,1.87,PH,1721237944
328,whitehorse,60.7161,-135.0538,11.43,87,100,1.54,CA,1721237945
329,mount isa,-20.7333,139.5,3.87,65,0,0.0,AU,1721237946
330,bambanglipuro,-7.95,110.2833,22.22,86,2,2.03,ID,1721237947
331,usogorsk,63.4106,48.6872,17.07,94,94,2.08,RU,1721237948
332,jizzax,40.1158,67.8422,28.87,26,87,1.85,UZ,1721237951
333,dakhla,23.6848,-15.958,21.01,83,32,10.29,EH,1721237952
334,gorontalo,0.5412,123.0595,24.58,87,61,3.95,ID,1721237953
335,byron bay,-28.65,153.6167,10.95,73,10,5.56,AU,1721237954
336,murzuq,25.9155,13.9184,34.8,10,0,5.54,LY,1721237957
337,susuman,62.7833,148.1667,12.49,89,100,2.72,RU,1721237958
338,prince rupert,54.3161,-130.3201,19.05,78,75,6.69,CA,1721237959
339,moroto,2.5345,34.6666,20.89,76,100,0.38,UG,1721237960
340,charters towers,-20.1,146.2667,6.69,52,0,4.68,AU,1721237961
341,robertsport,6.7533,-11.3686,25.5,84,100,5.2,LR,1721237962
342,buala,-8.145,159.5921,26.22,82,100,1.73,SB,1721237964
343,chipata,-13.6333,32.65,18.88,29,57,2.7,ZM,1721237965
344,port hedland,-20.3167,118.5667,16.03,55,0,3.09,AU,1721237966
345,zakamensk,50.3741,103.2863,13.43,91,33,0.54,RU,1721237967
346,yelizovo,53.1873,158.3805,12.08,76,75,3.0,RU,1721237968
347,taroa,8.7058,171.2275,27.62,82,99,7.94,MH,1721237969
348,kambove,-10.8764,26.5969,18.21,30,67,2.31,CD,1721237971
349,okhotsk,59.3833,143.3,11.15,94,100,3.76,RU,1721237972
350,pontal do parana,-25.6533,-48.5128,24.43,77,0,2.06,BR,1721237973
351,shitanjing,39.2342,106.3439,24.74,22,0,3.5,CN,1721237974
352,fortuna,40.5982,-124.1573,16.1,88,100,0.0,US,1721237975
353,bel ombre,-4.6167,55.4167,25.91,78,20,5.66,SC,1721237976
354,ariquemes,-9.9133,-63.0408,34.98,24,1,2.0,BR,1721237977
355,zhangye,38.9342,100.4517,28.15,30,4,2.68,CN,1721237979
356,ola,59.5833,151.2833,9.71,89,100,0.8,RU,1721237980
357,chibougamau,49.9168,-74.3659,20.79,68,48,2.98,CA,1721237981
358,toba,34.4833,136.85,24.0,82,99,2.57,JP,1721237982
359,neryungri,56.6709,124.6491,15.31,83,100,2.21,RU,1721237983
360,zelenoborskiy,66.845,32.3622,19.84,68,20,1.68,RU,1721237984
361,ixtapa,20.7,-105.2,32.35,62,40,1.79,MX,1721237986
362,chabahar,25.2919,60.643,29.88,86,100,3.8,IR,1721237987
363,vapnyarka,48.5348,28.7436,26.6,61,54,4.48,UA,1721237988
364,santiago de cao,-7.9589,-79.2392,19.07,77,75,3.6,PE,1721237989
365,labytnangi,66.6572,66.4183,19.41,67,54,1.84,RU,1721237990
366,mazara del vallo,37.6641,12.588,32.18,44,0,5.72,IT,1721237991
367,praia da vitoria,38.7333,-27.0667,23.14,78,75,5.83,PT,1721237993
368,am timan,11.0297,20.2827,31.48,46,61,2.92,TD,1721237994
369,hasaki,35.7333,140.8333,23.22,92,100,1.23,JP,1721237995
370,akureyri,65.6835,-18.0878,16.96,63,75,2.57,IS,1721237996
371,oriximina,-1.7656,-55.8661,34.13,34,14,4.05,BR,1721237997
372,martapura,-3.4167,114.85,25.05,94,13,0.0,ID,1721237998
373,terenos,-20.4422,-54.8603,29.84,30,40,4.63,BR,1721238000
374,rongelap,11.1635,166.8941,27.88,83,88,8.66,MH,1721238001
375,pathardi,19.1667,75.1833,24.41,87,84,7.79,IN,1721238002
376,barah,13.7,30.3667,33.96,38,45,3.52,SD,1721238003
377,ancud,-41.8697,-73.8203,10.2,87,88,8.62,CL,1721238006
378,guerrero negro,27.9769,-114.0611,22.52,63,49,6.29,MX,1721238007
379,rio grande,-32.035,-52.0986,21.06,70,56,5.13,BR,1721238008
380,sangola,17.4333,75.2,23.96,89,100,7.48,IN,1721238009
381,yutsa,43.9564,43.0128,28.61,49,99,1.78,RU,1721238010
382,cole harbour,44.6724,-63.4751,26.65,80,93,5.66,CA,1721238011
383,mutuali,-14.8706,37.0044,20.26,43,45,0.88,MZ,1721238013
384,merizo village,13.2658,144.6691,28.31,91,100,7.08,GU,1721238014
385,tazacorte,28.629,-17.9293,24.53,83,20,4.63,ES,1721238015
386,pemba,-12.974,40.5178,26.39,78,20,5.14,MZ,1721238016
387,inverell,-29.7833,151.1167,6.17,97,100,1.34,AU,1721238017
388,sisimiut,66.9395,-53.6735,8.93,67,16,2.61,GL,1721238018
389,san patricio,28.017,-97.5169,33.25,47,77,3.22,US,1721238021
390,huarmey,-10.0681,-78.1522,17.66,75,46,6.01,PE,1721238022
391,moab,38.5733,-109.5498,33.67,25,0,2.3,US,1721237798
392,villa gesell,-37.2639,-56.973,15.03,61,5,2.7,AR,1721238024
393,new norfolk,-42.7826,147.0587,7.72,80,100,1.86,AU,1721237944
394,ulladulla,-35.35,150.4667,8.04,89,36,2.42,AU,1721238026
395,keflavik,64.0049,-22.5624,11.95,100,100,2.57,IS,1721238028
396,kem',64.9555,34.5793,19.19,74,99,1.7,RU,1721238029
397,at taj,24.2049,23.2857,34.25,12,0,5.52,LY,1721238030
398,nemuro,43.3236,145.575,15.96,100,99,3.77,JP,1721238031
399,tash-kumyr,41.3461,72.2171,26.26,32,35,1.97,KG,1721238032
400,le morne-rouge,14.7667,-61.1333,28.76,73,89,4.27,MQ,1721238033
401,whitburn,54.9533,-1.3686,21.98,69,94,2.38,GB,1721238035
402,hakodate,41.7758,140.7367,20.17,94,100,1.54,JP,1721238036
403,bazar-korgon,41.0376,72.7459,27.07,27,54,2.73,KG,1721238037
404,mount darwin,-16.7725,31.5838,15.73,35,0,1.44,ZW,1721238038
405,eyl,7.9803,49.8164,26.82,71,100,12.49,SO,1721238040
406,pangody,65.85,74.4859,17.26,61,11,2.82,RU,1721238042
407,happy valley-goose bay,53.3168,-60.3315,19.17,82,75,1.54,CA,1721238043
408,hashtrud,37.4779,47.0508,24.1,36,10,2.22,IR,1721238044
409,hachinohe,40.5,141.5,20.64,96,83,1.46,JP,1721237939
410,borogontsy,62.6683,131.1683,13.23,98,99,2.24,RU,1721238046
411,siavonga,-16.5382,28.7088,21.93,42,0,1.75,ZM,1721238047
412,belmonte,-15.8631,-38.8828,25.92,59,1,2.67,BR,1721238048
413,benguela,-12.5763,13.4055,20.75,87,20,3.28,AO,1721238050
414,tot'ma,59.9747,42.7642,17.14,76,70,0.66,RU,1721238051
415,novodvinsk,64.4165,40.8122,18.86,85,5,2.06,RU,1721238052
416,edremit,39.5961,27.0244,32.86,35,0,10.29,TR,1721238053
417,ad darb,17.7229,42.2526,34.42,32,99,6.4,SA,1721238054
418,las khorey,11.1595,48.1967,32.39,61,85,4.65,SO,1721238055
419,zouerate,22.7187,-12.4521,41.63,7,0,6.81,MR,1721238058
420,masterton,-40.9597,175.6575,10.06,97,100,0.66,NZ,1721238059
421,princeville,45.7668,-61.2985,26.82,85,80,2.24,CA,1721238060
422,kapa'a,22.0752,-159.319,24.18,82,20,3.6,US,1721238061
423,saldanha,-33.0117,17.9442,13.03,86,100,5.57,ZA,1721238062
424,taro,-8.3862,115.28,22.0,98,85,1.26,ID,1721238064
425,labuan,5.2767,115.2417,27.2,89,20,0.0,MY,1721238065
426,antalaha,-14.9003,50.2788,22.28,74,44,4.11,MG,1721238066
427,richfield,44.8833,-93.283,22.92,51,20,6.69,US,1721238067
428,siwa oasis,29.2041,25.5195,34.5,16,0,1.2,EG,1721238068
429,tomatlan,19.9333,-105.25,34.15,45,71,3.33,MX,1721238069
430,coron,11.9986,120.2043,25.29,93,100,2.71,PH,1721238071
431,murghob,38.1702,73.9667,13.55,25,42,3.53,TJ,1721238072
432,manali,13.1667,80.2667,30.64,76,100,1.79,IN,1721238073
433,formosa do rio preto,-11.0483,-45.1931,32.0,26,0,3.71,BR,1721238074
434,touros,-5.1989,-35.4608,27.41,62,52,6.87,BR,1721238075
435,san luis de la loma,17.2706,-100.8939,31.48,64,23,3.27,MX,1721238076
436,paita,-5.0892,-81.1144,16.96,90,0,8.1,PE,1721238078
437,glace bay,46.1969,-59.957,26.25,82,100,7.72,CA,1721238079
438,shalqar,47.8333,59.6,25.02,49,97,6.26,KZ,1721238080
439,laguna,38.421,-121.4238,27.32,54,0,2.06,US,1721238081
440,kincardine,56.0667,-3.7167,21.58,80,99,2.64,GB,1721238082
441,porto belo,-27.1578,-48.5531,23.94,91,40,4.79,BR,1721238083
442,vernon,50.2581,-119.2691,31.07,32,14,0.51,CA,1721238084
443,gobabis,-22.45,18.9667,16.56,10,0,5.41,NA,1721238086
444,ta`u,-14.2336,-169.5144,26.51,72,100,7.83,AS,1721238087
445,mansa,29.9833,75.3833,34.69,47,27,2.72,IN,1721238088
446,bishkul,54.7803,69.1033,16.83,96,9,4.76,KZ,1721238089
447,kristiansund,63.1115,7.732,15.63,96,75,5.14,NO,1721238090
448,kiunga,-6.1219,141.2906,19.16,99,97,1.23,PG,1721238091
449,elamanchili,17.55,82.8667,28.12,72,100,2.43,IN,1721238093
450,suntar,62.1444,117.6319,15.24,93,21,1.79,RU,1721238094
451,vila franca do campo,37.7167,-25.4333,23.23,89,62,5.23,PT,1721238095
452,matoury,4.8483,-52.3317,28.98,84,75,1.03,GF,1721238096
453,goz beida,13.95,20.55,28.83,49,59,7.85,TD,1721238097
454,kamina,-8.7386,24.9906,21.14,22,49,2.31,CD,1721238098
455,san juanito,28.0,-107.5833,21.05,44,88,4.74,MX,1721238100
456,yatou,37.15,122.3833,22.56,95,100,7.48,CN,1721238101
457,kavieng,-2.5744,150.7967,27.8,79,100,4.83,PG,1721238102
458,meadow lake,34.8014,-106.5436,31.71,27,27,2.16,US,1721238103
459,nam som,17.7704,102.1895,24.61,95,92,0.08,TH,1721238104
460,constantia,44.1833,28.65,32.38,64,33,1.55,RO,1721238107
461,sovetskaya gavan',48.9723,140.2878,14.65,98,100,1.98,RU,1721238108
462,libreville,0.3925,9.4537,25.01,83,100,3.6,GA,1721238109
463,axim,4.8699,-2.2405,24.58,86,94,4.59,GH,1721238110
464,coruripe,-10.1256,-36.1756,24.81,77,12,6.18,BR,1721238111
465,sault ste. marie,46.5168,-84.3333,20.16,69,75,6.17,CA,1721238112
466,ouani,-12.1322,44.4258,25.11,75,45,3.55,KM,1721238114
467,guarapari,-20.6667,-40.4975,23.83,72,4,3.45,BR,1721238115
468,carolina beach,34.0352,-77.8936,28.34,59,49,7.16,US,1721238116
469,astrakhan,46.3497,48.0408,26.93,65,0,4.0,RU,1721238117
470,nuku'alofa,-21.1333,-175.2,20.19,100,20,1.54,TO,1721238118
471,washington,47.5001,-120.5015,32.43,19,78,1.16,US,1721237925
472,kashgar,39.4547,75.9797,27.56,26,20,9.0,CN,1721238120
473,guercif,34.2257,-3.3536,34.3,28,26,10.74,MA,1721238122
474,veinticinco de mayo,-35.4323,-60.1727,17.77,54,52,0.89,AR,1721238123
475,iwanai,42.9744,140.5089,19.81,95,91,1.78,JP,1721238124
476,bakchar,57.0186,82.0711,18.25,98,93,2.51,RU,1721238125
477,mil'kovo,55.6078,37.7956,28.5,42,32,2.34,RU,1721238126
478,llallagua,-18.4167,-66.6333,11.45,19,39,2.42,BO,1721238127
479,kurumkan,54.3,110.3,16.03,72,9,1.15,RU,1721238129
480,khilok,51.3674,110.4676,12.59,78,32,1.67,RU,1721238130
481,mooloolaba,-26.6833,153.1167,12.25,71,3,1.34,AU,1721238132
482,ubatuba,-23.4339,-45.0711,19.18,74,7,2.08,BR,1721238133
483,sola,-13.8833,167.55,27.3,78,63,6.75,VU,1721238135
484,saint-gaudens,43.0833,0.6667,26.68,63,100,1.96,FR,1721238136
485,grootfontein,-19.5667,18.1167,14.76,20,88,1.03,NA,1721238137
486,oranjemund,-28.55,16.4333,13.64,85,11,2.05,NA,1721238138
487,fizuli,39.5771,47.4084,26.94,40,0,2.36,AZ,1721238139
488,isiro,2.7739,27.616,21.7,90,100,1.22,CD,1721238140
489,bryne,58.7354,5.6477,15.52,86,75,7.2,NO,1721238143
490,chingirlau,51.095,54.0814,22.47,56,88,2.84,KZ,1721238144
491,el sauce,12.8869,-86.539,32.4,54,68,2.73,NI,1721238145
492,canico,32.6333,-16.85,25.4,79,20,2.57,PT,1721238146
493,ulsteinvik,62.3432,5.8487,17.09,85,100,2.24,NO,1721238147
494,luau,-10.7073,22.2247,21.6,19,19,1.27,AO,1721238149
495,abalak,58.1286,68.5944,16.99,87,69,3.82,RU,1721238151
496,mandalgovi,45.7625,106.2708,20.56,44,76,3.09,MN,1721238152
497,ma'rib,15.4591,45.3253,31.72,31,100,6.47,YE,1721238153
498,nema,57.5067,50.5011,16.73,96,79,2.18,RU,1721238154
499,laojunmiao,39.8333,97.7333,23.84,33,12,3.52,CN,1721238156
500,general conesa,-40.1,-64.4333,15.08,30,100,9.3,AR,1721238157
501,khairpur nathan shah,27.0936,67.7337,37.4,47,90,7.04,PK,1721238158
502,santiago papasquiaro,25.046,-105.4208,25.74,45,16,1.59,MX,1721238159
503,sunne,59.8376,13.143,16.23,98,100,3.79,SE,1721238160
504,ciacova,45.5081,21.1286,35.01,79,49,5.06,RO,1721238161
505,ilabaya,-17.4208,-70.5133,24.57,23,3,4.44,PE,1721238163
506,tabou,4.423,-7.3528,24.72,81,100,4.41,CI,1721238164
507,volokonovka,50.4827,37.8563,30.0,37,46,4.67,RU,1721238165
508,chul'man,56.8479,124.9104,15.02,80,98,0.91,RU,1721238166
509,shizunai-furukawacho,42.3339,142.3669,18.85,94,93,1.49,JP,1721238167
510,i-n-salah,27.1935,2.4607,45.71,6,9,6.93,DZ,1721238168
511,miyako,39.6367,141.9525,20.39,94,20,1.39,JP,1721238170
512,mermoz boabab,14.7065,-17.4758,28.31,74,40,4.12,SN,1721238171
513,pasto,1.2136,-77.2811,20.09,46,89,3.07,CO,1721237889
514,carutapera,-1.195,-46.02,30.12,60,3,5.03,BR,1721238173
515,wuxi,31.5689,120.2886,28.58,86,99,1.46,CN,1721238174
516,marat,25.0701,45.4615,35.77,13,77,3.87,SA,1721238175
517,sechura,-5.5569,-80.8222,24.53,55,1,5.64,PE,1721238176
518,yazd,31.8972,54.3675,37.06,12,0,3.09,IR,1721238179
519,laredo,27.5064,-99.5075,31.16,66,40,4.63,US,1721238180
520,choyr,46.3611,108.3611,18.58,49,15,1.96,MN,1721238181
521,kaihua,23.3687,104.28,18.1,99,90,1.69,CN,1721238182
522,bardai,11.65,7.2333,27.32,65,98,2.87,NG,1721238184
523,egilsstadir,65.2653,-14.3948,10.95,87,100,6.69,IS,1721238185
524,cockburn town,21.4612,-71.1419,28.6,78,3,7.85,TC,1721238186
525,essaouira,31.5125,-9.77,31.72,42,4,7.2,MA,1721238187
526,dryden,49.7833,-92.7503,17.16,59,75,2.57,CA,1721238188
527,belyy yar,53.6039,91.3903,20.94,88,40,5.0,RU,1721238189
528,smidovich,48.6,133.8167,20.08,90,66,2.61,RU,1721238191
529,rantoul,40.3084,-88.1559,28.02,67,40,3.6,US,1721238192
530,mejit,10.2753,170.8646,27.66,85,100,9.48,MH,1721238193
531,selfoss,63.9331,-20.9971,13.91,95,100,1.41,IS,1721238195
532,eirunepe,-6.6603,-69.8736,32.95,31,20,1.58,BR,1721238196
533,alesund,62.4723,6.1549,17.09,81,75,5.14,NO,1721238198
534,kadnikov,59.5022,40.338,19.54,66,70,1.9,RU,1721238199
535,puerto deseado,-47.7503,-65.8938,8.26,74,100,9.11,AR,1721238200
536,zwedru,6.0667,-8.1281,23.37,95,99,2.63,LR,1721238201
537,tselinnoye,53.0833,85.6667,18.41,93,99,3.44,RU,1721238202
538,jayapura,-2.5333,140.7,22.66,95,74,2.08,ID,1721238203
539,freetown,8.484,-13.2299,24.37,90,100,4.67,SL,1721238205
540,madara,11.7798,10.4479,31.31,48,100,2.52,NG,1721238206
541,chaplygin,53.2432,39.9629,24.8,64,3,3.19,RU,1721238207
542,labasa,-16.4167,179.3833,23.99,85,66,2.93,FJ,1721238208
543,bom jardim,-7.7958,-35.5872,25.7,56,95,6.58,BR,1721238210
544,leeds,53.7964,-1.5477,23.38,58,94,2.41,GB,1721238212
545,naze,28.3667,129.4833,26.51,88,90,1.92,JP,1721238213
546,guanica,17.9716,-66.908,34.27,67,71,9.34,PR,1721238214
547,suva,-18.1416,178.4415,22.71,100,40,1.03,FJ,1721238215
548,mvomero,-6.25,38.6667,22.16,85,91,1.33,TZ,1721238216
549,uliastay,47.7417,96.8444,13.86,78,79,2.67,MN,1721238217
550,sandnessjoen,66.0217,12.6316,25.29,53,0,5.14,NO,1721238219
551,bichura,50.5881,107.6022,16.09,71,50,0.93,RU,1721238220
552,santa maria da vitoria,-13.3947,-44.1886,31.14,26,0,3.13,BR,1721238221
553,dolores,-36.3132,-57.6792,16.35,50,32,2.93,AR,1721238222
554,acarau,-2.8856,-40.12,30.35,52,24,8.14,BR,1721238223
555,ihosy,-22.4,46.1167,16.27,42,0,1.34,MG,1721238224
556,mana,5.6592,-53.7767,28.48,73,34,3.83,GF,1721238226
557,cowra,-33.8333,148.6833,7.52,87,100,1.62,AU,1721238227
558,lokhvytsya,50.3678,33.2602,32.24,33,54,4.33,UA,1721238228
559,agat village,13.3886,144.6585,28.52,90,75,4.12,GU,1721238229
560,moussoro,13.6408,16.4901,34.44,41,16,5.79,TD,1721238230
561,floro,61.5996,5.0328,15.04,77,75,3.6,NO,1721238232
562,lusambo,-4.9667,23.45,26.7,28,78,0.55,CD,1721238233
563,puerto lempira,15.2667,-83.7667,32.08,66,40,4.12,HN,1721238234
564,ujae,8.9322,165.7642,27.62,85,100,7.02,MH,1721238235
565,ghanzi,-21.5667,21.7833,16.75,11,4,3.56,BW,1721238236
566,sungai raya,0.7,108.9,26.28,91,32,2.63,ID,1721238237
567,nadi,-17.8,177.4167,23.0,94,20,0.0,FJ,1721238238
568,mokhotlong,-29.2894,29.0675,6.29,35,19,1.75,LS,1721238241
569,island harbour,50.724,-1.2758,20.58,70,80,2.68,GB,1721238242
570,nueva concepcion,14.2,-91.3,31.27,61,30,2.19,GT,1721238243
571,tarrafal,15.2833,-23.7667,27.44,76,73,4.61,CV,1721238247
572,kitimat,54.0524,-128.6534,23.21,84,100,2.24,CA,1721238249
573,timbuktu,16.7735,-3.0074,35.33,37,74,2.01,ML,1721238250
574,rosarito,32.3333,-117.0333,24.46,72,51,4.97,MX,1721238252
575,odacho-oda,35.1833,132.5,23.43,89,70,3.48,JP,1721238253
576,kanchanaburi,14.6333,99.1,24.68,91,100,3.03,TH,1721238254
577,maputo,-25.9653,32.5892,19.82,77,0,3.09,MZ,1721238255
578,vila velha,-20.3297,-40.2925,25.97,81,75,3.6,BR,1721238256
579,stocksbridge,53.4825,-1.5937,22.37,61,90,3.32,GB,1721238257
580,ardestan,33.3761,52.3694,33.2,15,0,4.34,IR,1721238259
581,bangassou,4.7413,22.8184,22.62,96,100,0.31,CF,1721238260
582,alofi,-19.0595,-169.9187,14.94,94,52,0.51,NU,1721238261
583,talara,-4.5772,-81.2719,24.42,64,0,9.37,PE,1721238262
584,howrah,22.5892,88.3103,30.0,89,40,1.54,IN,1721238264
585,bakanas,44.8081,76.2772,24.08,49,78,2.9,KZ,1721238266
586,sinjai,-5.1241,120.253,23.31,80,60,3.1,ID,1721238267
587,zapala,-38.8992,-70.0544,15.05,16,100,9.46,AR,1721238268
588,ierapetra,35.01,25.7353,30.08,53,0,1.79,GR,1721238269
589,faya-largeau,17.9257,19.1043,30.94,46,99,14.81,TD,1721238270
590,hammerfest,70.6634,23.6821,13.25,82,20,6.17,NO,1721238271
591,felege neway,6.3,36.8833,18.25,92,100,1.36,ET,1721238273
592,ust-tsilma,65.441,52.1498,18.74,79,93,1.38,RU,1721238274
593,beyneu,45.3167,55.2,30.96,31,17,3.72,KZ,1721238275
594,portmore,17.9702,-76.8672,32.98,66,20,9.77,JM,1721238276
595,hotan,37.0997,79.9269,29.8,22,74,5.31,CN,1721238277
596,dengzhou,37.8086,120.7508,23.44,97,97,2.94,CN,1721238278
597,la sarre,48.8002,-79.1996,18.03,68,76,4.74,CA,1721238280
598,sofo-birnin-gwari,11.0154,6.7804,24.97,80,97,1.57,NG,1721238281
